25-05-2024;lunch;6;Melvern;melvernvandijk@outlook.com;4;0,1-1,1-2,1-3,1-;mPyTrEnZ;23-05-2024
25-05-2024;lunch;7;Melvern;melvernvandijk@outlook.com;4;4,1-6,3-8,1-9,1-;usZo299s;23-05-2024
30-05-2024;dinner;12,13;Melvern;melvernvandijk@outlook.com;7;1,1-4,1-6,3-7,1-10,1-;YnAaPn5A;23-05-2024
01-06-2024;dinner;12,13;EzephX;omerensardt@gmail.com;8;6,1-3,1-;8YvQD8fL;28-05-2024
07-06-2024;dinner;1;tiffany;hi@hi.nl;2;4,1-6,1-;BTSnTQoz;06-06-2024
12-12-2030;dinner;1;Tester;test@gmail.com;2;;test123;06-06-2024
12-12-2030;dinner;1;Tester;test@gmail.com;2;;test123;06-06-2024
12-12-2030;dinner;1;Tester;test@gmail.com;2;;test123;06-06-2024
12-12-2030;dinner;1;Tester;test@gmail.com;2;;test123;06-06-2024
12-12-2030;dinner;1;Tester;test@gmail.com;2;;test123;06-06-2024
12-12-2030;dinner;1;Tester;test@gmail.com;2;;test123;06-06-2024
12-12-2030;dinner;1;Tester;test@gmail.com;2;;test123;06-06-2024
12-12-2030;dinner;1;Tester;test@gmail.com;2;;test123;06-06-2024
12-12-2030;dinner;1;Tester;test@gmail.com;2;;test123;06-06-2024
12-12-2030;dinner;1;Tester;test@gmail.com;2;;test123;06-06-2024
12-12-2030;dinner;1;Tester;test@gmail.com;2;;test123;06-06-2024
12-12-2030;dinner;1;Tester;test@gmail.com;2;;test123;06-06-2024
11-06-2024;lunch;1;tiffany;hi@hi.nl;2;5,1-;E79eWX1G;10-06-2024
12-06-2024;brunch;1;tiffany;hi@hi.nl;2;4,1-;28pkkn22;11-06-2024
